Greta Timlin,Indonesia,Nunleu,
Salmon Rushmare,France,Niort,Poitou-Charentes
Linnell Lytle,China,Haoxin,
Prissie De Andreis,Russia,Belyye Berega,
Barnett Lippiello,China,Dongping,
Carrie Melross,Zimbabwe,Shamva,
Crin Story,Philippines,Cogtong,
Delainey Redmond,Colombia,Belén de Umbría,
Pete Hutsby,Armenia,Ptghunk’,
Murray Mabee,Pakistan,Kambar,
Hattie Alcido,Portugal,Alqueidão,Santarém
Fenelia Cheng,United States,Fort Pierce,Florida
Aurelie Douce,Yemen,Al Bilād,
Allen Lowes,Indonesia,Paleran,
Langston McQuirk,Greece,Lidoríki,
Starlin Clilverd,Armenia,Aghavnadzor,
Loretta Thying,Argentina,Azul,
Dulcia Oakley,China,Ma’an,
Elmira Glenton,Indonesia,Nangger,
Kennie Heatlie,Nigeria,Ogoja,
Peri Mathen,Japan,Murakami,
Kariotta Benham,France,Avranches,Basse-Normandie
Ted Ivashkin,Bangladesh,Jhingergācha,
Serena Chisnall,Indonesia,Delanggu,
Gianna Shutler,China,Huangbayi,
Paulo Covet,China,Jianggang,
Karoline Tetther,China,Jishigang,
Carmita McKain,Canada,Longueuil,Québec
Wilton Muris,China,Zhongmen,
Titos Wands,Pakistan,Mehrābpur,
Marcia Parffrey,Brazil,Várzea da Palma,
Rodrigo Gilliland,Indonesia,Bungur,
Willi Gallear,Sweden,Svenljunga,Västra Götaland
Virgil Kindred,Solomon Islands,Tulaghi,
Langston Testro,Russia,Romanovo,
Willyt Elleyne,Ukraine,Reni,
Carleton Covill,China,Lucheng,
Gerome Hutcheson,Ukraine,Bile,
Robbin Cowden,Russia,Kochevo,
Hillary Trevena,Ivory Coast,Boundiali,
Lock Roscher,China,Majiao,
Margit Polotti,Russia,Gostilitsy,
Abie Pinnijar,Poland,Babice,
Frederik Winskill,Indonesia,Sakerta Timur,
Son Clever,Argentina,Rawson,
Edyth Davidovic,Japan,Kawaguchi,
Corabelle Dagnall,Cuba,Batabanó,
Georgianna Normanvill,Russia,Ust’-Katav,
Ruthie Tink,Indonesia,Bogi,
Dominica Widdall,China,Luqiao,
Rory Forestel,Indonesia,Tegallega,
Les Layne,Indonesia,Batutua,
Ashil Oliva,Philippines,Pawa,
Lanie Ropcke,North Korea,Musan-ŭp,
Reid Capun,Indonesia,Sukacai,
Judy Belle,Nepal,Dhankutā,
Elston Lightman,Iran,Rehnān,
Patin Raynard,Thailand,Wang Sam Mo,
Jeniece Farnan,Portugal,Nogueira do Cravo,Coimbra
Janith Kreutzer,China,Dayong,
Shelba Andriveau,China,Yunxi,
Rikki Ponde,Sweden,Hultsfred,Kalmar
Ashton De Francesco,Indonesia,Semanding,
Dalt Mallan,Brazil,Amargosa,
Taffy Tapper,China,Lijiaping,
Barclay Dibben,Greece,Ágios Andréas,
Sherline Drees,Nepal,Mahendranagar,
Korey Defty,China,Jiubao,
Thalia Cady,Slovenia,Kočevje,
Cassandra Amys,France,Mundolsheim,Alsace
Theressa Pettiward,France,Toulouse,Midi-Pyrénées
Buddy Seely,Brazil,Prata,
Agnese Cakebread,Czech Republic,Poříčí nad Sázavou,
Addison Tether,Sweden,Västra Frölunda,Västra Götaland
Kathi Suttling,Estonia,Pärnu-Jaagupi,
Sissie MacGorman,Palestinian Territory,Al Lubban al Gharbī,
Dar Bartosch,France,Plaisir,Île-de-France
Tanitansy Allcott,Brazil,Bauru,
El Peebles,Russia,Navashino,
Natalee Iscowitz,Indonesia,Baru,
Ingra Carneck,Indonesia,Peseng,
Gabrielle de Keyser,Indonesia,Panjerrejo,
Denys Abrahams,Russia,Koksovyy,
Marijn Goacher,China,Oljoq,
Enriqueta Capsey,China,Anshun,
Esmeralda Thornley,Czech Republic,Líbeznice,
Ivonne Sallarie,Sweden,Kungsör,Västmanland
Kathryne Haxell,Russia,Kimovsk,
Gian Haldane,Czech Republic,Bavorov,
Zorine Orrocks,China,Huping,
Ezra Leuty,Malaysia,Kota Kinabalu,Sabah
Demetri Ker,Ireland,Foxrock,
Danette Haile,China,Nanlang,
Ethelred Insoll,Ireland,Ballyjamesduff,
Barrie Sweeney,Portugal,Agualva,Ilha Terceira
Lindi Jacobsohn,China,Weibin,
Deeann Kimbly,China,Yijiang,
Celestyn Prettyman,Argentina,Deán Funes,
Olivero Mayward,Cuba,Jatibonico,
Stephanie Lambard,Peru,Tunal,
Lindsay Macak,Poland,Kolbuszowa,
Alfy Oldland,Greece,Skoútari,
Barton Hollingdale,Indonesia,Dangbigih,
Pearline Zum Felde,China,Shetangpo,
Rolf Cowburn,Greece,Foúrnoi,
Hercule Liddyard,Cuba,Trinidad,
Tibold Fernehough,China,Donglai,
Demetre Brandon,Indonesia,Banakaja,
Upton Wieprecht,Czech Republic,Rokycany,
Ted Tufts,France,Lille,Nord-Pas-de-Calais
Murdoch Rochewell,Cuba,Banes,
Othelia Buckett,Netherlands,Haarlem,Provincie Noord-Holland
Laurella Abden,China,Jieshui,
Quentin Douty,Indonesia,Awarawar,
Mariellen Warry,Colombia,Urrao,
Rriocard Lammin,Martinique,Le Lamentin,Martinique
Jeramey Plank,Sweden,Lycksele,Västerbotten
Dulciana Colclough,Czech Republic,Staré Město,
Eartha Applebee,Sweden,Tyresö,Stockholm
Luise Kelston,Indonesia,Padaan,
Judi Wykey,Brazil,Várzea Grande,
Giuditta Thomazet,Japan,Seto,
Kimberli Issakov,China,Changchi,
Winnie Izkoveski,China,Xiantang,
Ashlin Brokenshaw,Argentina,Esquina,
Gaylord Garnam,Portugal,Pisões,Santarém
Alfreda Bilbey,Indonesia,Sarirejo Satu,
Rozanne Antosik,Portugal,Cercal,Santarém
Fidole Pashe,Peru,Capacmarca,
Geno Chazette,Philippines,Jovellar,
Katine Grevel,Indonesia,Krajan Jabungcandi,
Mike Gives,China,Luxi,
Joceline Lackie,Afghanistan,Mīrābād,
Dino Kuscha,Sweden,Stockholm,Stockholm
Fabian Furman,Czech Republic,Teplice,
Renard Bagge,Colombia,Melgar,
Mac Grenfell,Brazil,Rio Negrinho,
Alaric Degoix,Guatemala,Morazán,
Valina Keary,France,Bezons,Île-de-France
Jolie Cook,Russia,Gostagayevskaya,
Florance Walaron,China,Tacheng,
Isobel Wiffill,Philippines,Saguiaran,
Delilah Abrahart,Indonesia,Bonak,
Ted Woolf,United States,Charlotte,North Carolina
Carce Sygrove,Brazil,Guararapes,
Cull Handscombe,Czech Republic,Rokytnice,
Moyna Barrar,Niger,Maradi,
Doralyn Awmack,China,Golug,
Melissa Hasty,Portugal,Criação Velha,Ilha do Pico
Wylma Tuffs,United States,Springfield,Missouri
Heath Poate,Philippines,Calauan,
Abby Corkan,South Africa,Springbok,
Marrilee Kaubisch,Iran,Behbahān,
Valentino Rye,China,Ji’an,
Ethan McSaul,Belarus,Chavusy,
Zola Warrilow,Japan,Kamimaruko,
Kristian Western,New Caledonia,Yaté-Barrage,
Livvie Vardy,China,Jiucheng,
Martainn Flintoffe,Finland,Muurla,
Ragnar Larchiere,Peru,Mollebamba,
Paige Thorouggood,Portugal,Venda do Valador,Lisboa
Katleen Boshell,China,Tuojiang,
Broderick Pavese,United States,Seattle,Washington
Angel Calbaithe,Russia,Ilovka,
Chloris Scarce,Cuba,Santa Clara,
Lynde Been,China,Hongqi,
Haley Schruyers,China,Nanjie,
April Renton,Croatia,Rezovac,
Audrye Acory,Czech Republic,Hřebeč,
Aldon Nation,Portugal,Gaio,Setúbal
Elyn Figiovanni,Philippines,Bagacay,
Charline Pinel,China,Loujiadian,
Loraine Gaskin,Sweden,Göteborg,Västra Götaland
Shaun Damato,China,Maoping,
Zebulon Jeanet,Serbia,Biljača,
Clarke Gaitskell,Sweden,Hägersten,Stockholm
Kimball Colbertson,Cuba,Santo Domingo,
Collin Headan,Ukraine,Zhovkva,
Mag Birckmann,Russia,Pravda,
Gayla Coldman,Canada,Lévis,Québec
Hebert Vatini,China,Baidian,
Sybille Sawden,France,Kingersheim,Alsace
Lynnelle Jacqueminot,China,Baizhang,
Jany Gaffney,Sri Lanka,Ampara,
Yalonda Haugg,China,Dezhou,
Alessandra Scourfield,Serbia,Koceljeva,
Eirena Elliman,Malta,Imsida,
Merline Toms,Mozambique,Inhambane,
Ellswerth Chimenti,China,Gabasumdo,
Genevieve Joules,Brazil,Itaberaba,
Julia McKew,China,Duowa,
Jolee Lorrie,Sweden,Emmaboda,Kalmar
Hadrian Cordier,Japan,Kagoshima-shi,
Danny Dorre,Russia,Vygonichi,
Britt Jewis,Thailand,Ban Mai,
Lynne Sein,Norway,Oslo,Oslo
Bobine Vreede,Tunisia,Jendouba,
Lynne Burberye,Vietnam,K Bang,
Thatcher Iffe,Portugal,Fonte do Feto,Setúbal
Tadeas Womack,Portugal,Peso da Régua,Vila Real
Dulci Waddie,Iceland,Neskaupstaður,
Yule Cowing,France,Paris 12,Île-de-France
Theresa Levis,Greece,Lianovérgi,
Rahal Caroli,Portugal,Soutocico,Leiria
Alisa Flecknell,Macedonia,Selce,
Dexter Thexton,Indonesia,Talun,
Lucie Lilion,France,Toulouse,Midi-Pyrénées
Euell Naul,Greece,Antimácheia,
Gregoor Laing,Indonesia,Tenggina Daya,
Alisander Appleyard,Israel,‘Uzeir,
Karyl Yirrell,Comoros,Itsandra,
Cristina Jellico,China,Pu’er,
Heriberto Filmer,China,Mintang,
Abeu Fewtrell,United States,Santa Barbara,California
Krystal Pendrill,Poland,Jasienica Rosielna,
Guendolen Carnow,Canada,North York,Ontario
Prince Swiggs,United States,Whittier,California
Pip Serot,Colombia,Anolaima,
Franciskus Arnoldi,Russia,Leonidovo,
Eimile Thewlis,China,Heshang,
Raviv MacFie,China,Shuangtang,
Randi Lamplugh,Kazakhstan,Balpyk Bī,
Marijn Collough,Philippines,Libas,
Hedwig Gommes,Japan,Tsukawaki,
Minnaminnie Huxton,Sweden,Farsta,Stockholm
Korney Franceschino,Indonesia,Purwokerto,
Stacy Rendbaek,Philippines,Pasacao,
Marsh Hugueville,Argentina,Rada Tilly,
Brock Willwood,Bulgaria,Velingrad,
Scarlett Llywarch,Malta,Imġarr,
Wendi Faustin,United States,Fort Wayne,Indiana
Candie Dakhov,Indonesia,Kuanheum,
Gustavo Gerg,Peru,Aricapampa,
Skylar Bentsen,Cuba,Santo Domingo,
Alley Feeham,China,Dadong,
Jewell Lambal,China,Chengmen,
Aurea Bilson,Israel,‘Uzeir,
Deb Fyndon,Japan,Amagi,
Dorry Aupol,Russia,Niny,
Scotty Fairholm,China,Didian,
Georgette Longland,China,Sanjiangkou,
Cate Seal,China,Fengchuan,
Minnnie Paula,Philippines,San Jacinto,
Desiri Mathieu,Indonesia,Pojok,
Angelique Viollet,Ecuador,Pasaje,
Tasia Grcic,Czech Republic,Osek nad Bečvou,
Willow Druett,Sweden,Karlskrona,Blekinge
Bunny Cowtherd,Morocco,Boulemane,
Melantha Colloby,China,Pingsha,
Kristel Barehead,Ireland,Charlesland,
Claribel FitzAlan,China,Lingyuan,
Maye Hamstead,Albania,Zall-Dardhë,
Monroe Caught,China,Mintang,
Inigo Driffill,Pakistan,Ghauspur,
Marcela Manwaring,Sweden,Jönköping,Jönköping
Farleigh Hawker,China,Xijiang,
Elwira Elt,Russia,Sapernoye,
Amelie Dobrowski,Pakistan,Gujrāt,
Cooper De Filippo,South Korea,Naju,
Ivy O' Clovan,Brazil,Peruíbe,
Frannie Cluley,United States,Murfreesboro,Tennessee
Barthel Meritt,Philippines,San Lucas,
Dukey Kytter,Russia,Inta,
Gayleen Jonin,Mexico,Loma Bonita,Morelos
Kane Starcks,Panama,Mulatupo,
Silvain Jurczik,China,Hongdu,
Bordie Schieferstein,Ukraine,Vodyane,
Hesther Buske,Colombia,Ortega,
Lissi Ianittello,Pakistan,Bat Khela,
Erina Alabaster,Philippines,Alaminos,
Jordan Drewett,Thailand,Nan,
Bettine Marrows,Japan,Satte,
Lorrie Isaacs,Nigeria,Ifon,
Lombard Merrigan,Brazil,Saquarema,
Lissy Danilovitch,Indonesia,Pelem,
Marna Jeskins,Philippines,Alicia,
Letta Getley,Portugal,Queluz,Lisboa
Ashlee Topham,Belize,San Ignacio,
Inez Spanton,China,Shaxi,
Earle Boultwood,Russia,Yamkino,
Guillemette Glendzer,Colombia,Curumaní,
Zuzana Fatkin,Czech Republic,Potštát,
Reba Tomet,Slovenia,Vitanje,
Robyn Kittiman,Slovenia,Solkan,
Jed Avieson,Kenya,Malindi,
Reba Kidstoun,Russia,Irkutsk,
Kirstyn Cowsby,Norway,Tønsberg,Vestfold
Lilah Philpin,Indonesia,Cipicung,
Farrand Ibbott,United Kingdom,Church End,England
Carlen Gascone,Indonesia,Sunduk,
Carney Caizley,Palestinian Territory,Azun Atme,
Ole Bilbery,Portugal,Quinta,Porto
Lind Claye,Indonesia,Salamwates,
Bea Gamet,Mongolia,Jargalant,
Alphonse Olerenshaw,Poland,Wojcieszków,
Teodor Lippard,France,Saint-Jean-de-Védas,Languedoc-Roussillon
Ingelbert Wildin,Portugal,Casais de Vera Cruz,Coimbra
Berke Cone,Peru,Huanchaco,
Vance Pikhno,France,Carcassonne,Languedoc-Roussillon
Constantine Weafer,Finland,Taipalsaari,
Frankie Yglesia,United Kingdom,Whitchurch,England
Chickie Greaterex,Czech Republic,Opatovice nad Labem,
Dasha Bosward,Pakistan,Panjgūr,
Boote Carney,Palestinian Territory,Wādī as Salqā,
Emylee Alessandrini,Indonesia,Pora,
Kaylyn Hamlett,Russia,Kavalerovo,
Binni Kennewell,Indonesia,Citasuk,
Jewelle Elvin,Indonesia,Batibati,
Lars Hadleigh,China,Hongyanxi,
Erwin Zavattari,Poland,Nowa Dęba,
Vivianna Alpes,United States,Long Beach,California
Porter Langhor,China,Xiongshan,
Maddalena Tace,Russia,Roza,
Estel Digman,Afghanistan,Khudāydād Khēl,
Chase Common,Saudi Arabia,Tārūt,
Mickie Simeoli,Colombia,Corinto,
Torrey Trow,France,Thouars,Poitou-Charentes
Robinson Bram,Canada,Invermere,British Columbia
Robbyn Staley,Guinea,Nzérékoré,
Ralina Bridger,China,Jiuzihe,
Carree Hazeldean,Portugal,Azaruja,Évora
Berke Charker,China,Macha,
Maxi Heugh,France,Paris 04,Île-de-France
Devin Awmack,Macedonia,Старо Нагоричане,
Hildagard Pascall,Russia,Gurbuki,
Elmira Kabos,Portugal,Malveira,Lisboa
Leigh Angliss,France,Thionville,Lorraine
Noelani Soppitt,China,Yangshufang,
Maura Newing,China,Dalinhe,
Barnabe Hallgalley,Indonesia,Ketawang,
Miran Sawood,Indonesia,Srabah,
Gunther Espie,Malaysia,Kuala Terengganu,Terengganu
Selena Clem,Moldova,Bilicenii Vechi,
Janelle Iscowitz,China,Dalongzhan,
Larisa Hinkens,Russia,Slavyansk-na-Kubani,
Amil Persicke,Armenia,Areni,
Mellisa Barfield,Estonia,Kuressaare,
Cindie Burk,China,Luotuo,
Andreana Tripney,Russia,Staroutkinsk,
Maryl McLardie,China,Houyu,
Byran Canfer,Netherlands,'s-Hertogenbosch,Provincie Noord-Brabant
Davine Stefanovic,China,Zhutang,
Irwinn Benz,Philippines,Lunec,
Claribel Lago,China,Aizi,
Barbie Mathieu,Kenya,Kapsabet,
Winthrop Snibson,Saudi Arabia,Farasān,
Erskine Scotney,Russia,Novoul’yanovsk,
Mattie Haggas,Sweden,Vällingby,Stockholm
Karia Behrens,Vietnam,Diên Khánh,
Dona Harrald,Philippines,Calancuasan Norte,
Garald Cawthery,Iran,Behābād,
Cal Delf,China,Jiaqiao,
Retha O'Shavlan,Indonesia,Kudang,
Shep Brik,Japan,Saitama,
Blanch Filchakov,Poland,Lubenia,
Lissa Gudgen,South Africa,Allanridge,
Clarke Sherebrooke,China,Xinxing,
Beilul Hainey,China,Liaozhong,
Philip Pietruszka,Egypt,Al Jīzah,
Israel France,Portugal,Sangalhos,Aveiro
Cate Edmunds,Japan,Hirara,
Merle McGloughlin,Indonesia,Bunder,
Kirsten Casbon,France,Paris 09,Île-de-France
Neils Don,China,Zhoushizhuang,
Goldia Dobel,Ghana,Winneba,
Alon Meddings,Thailand,Bo Phloi,
Caroljean Barrable,Indonesia,Nilanapo,
Tait Davana,China,Anjihai,
Dinny Chrispin,Indonesia,Jatirogo,
Yolande Phare,Brazil,São João del Rei,
Tod Millen,Vietnam,Tân Châu,
Reina Josefovic,Tajikistan,Tursunzoda,
Noll Lambot,China,Luyang,
Ruperta Dockerty,Mexico,Santa Fe,Nuevo Leon
Denver Aubin,Peru,Socos,
Hube Janc,Czech Republic,Kladruby,
Odetta Hobble,China,Fuzhai,
Doti Billingsly,Canada,St. Thomas,Ontario
Bonny Hexter,Sweden,Askim,Västra Götaland
Aurea Menichelli,Sweden,Alvesta,Kronoberg
Jerrie Prendeguest,Peru,Cotaparaco,
Ainslie Hanmer,Poland,Werbkowice,
Wynnie Puddicombe,Indonesia,Segong,
Salome Peegrem,China,Huiyuan,
Jocelyne Shera,Canada,Calmar,Alberta
Abby Godon,Thailand,Pak Phli,
Constantine Tweede,Bangladesh,Lakshmīpur,
Devondra Bazoche,Brazil,Porecatu,
Brooks McGiveen,Russia,Burayevo,
Jenna Feehily,Sweden,Åkersberga,Stockholm
Ode Baleine,Bahamas,George Town,
Kattie Bortolomei,Cuba,Maisí,
Luis Paliser,China,Dongjin,
Karna Novichenko,Vietnam,Thành Phố Thái Bình,
Turner Pierson,China,Shuangyang,
Fabian Lindsley,Zimbabwe,Esigodini,
Una Mallatratt,Philippines,Magsaysay,
Malorie Uff,Thailand,Kao Liao,
Ashlan Farherty,China,Yanglin,
Dorothea McNickle,Mongolia,Sharïngol,
Etta Morritt,China,Dalonghua,
Janessa Hawley,Thailand,Bang Sao Thong,
Jemie Code,Philippines,Gibgos,
Mirabelle Wheildon,Philippines,San Fernando,
Rosaleen Figg,China,Shanhou,
Geralda Whitley,Pakistan,Khadan Khāk,
Jaime Wreath,Philippines,Minapan,
Shanie Sorrell,Poland,Grabów,
Chrotoem Gwillim,Indonesia,Sepatan,
Taber Shackel,Nigeria,Udi,
Claudia Herkess,Pakistan,Dokri,
Catrina Spoward,South Africa,Uitenhage,
Stevana Laban,Mexico,San Antonio,Mexico
Fayina Brettell,Yemen,Ad Dann,
Shaina MacDermot,Indonesia,Buluh Kasap,
Raleigh Dole,Philippines,Payao,
Vachel O'Heaney,China,Hengzhou,
Rickey Hakewell,Pakistan,Lāchi,
Lammond Caris,China,Xixi,
Nancey Plaxton,China,Shangyu,
Gorden Lawtey,China,Zhijiang,
Korney Danskine,Malaysia,Kuala Terengganu,Terengganu
Penrod Andre,Guatemala,Ciudad Vieja,
Evelin Uzzell,Indonesia,Krajan,
Josephina Preist,Jamaica,Alexandria,
Benji Tomaszek,Portugal,Prior Velho,Lisboa
Viola Sandeman,Indonesia,Lajarik,
Garland Matokhnin,Poland,Zagórnik,
Omar Satterly,China,Jinluo,
Rosemaria Deeman,Mexico,Jardin,Tamaulipas
Gerianna Bessey,China,Dadianzi,
Margot Castilljo,China,Jincang,
Karole Budleigh,Cuba,Sagua de Tánamo,
Earlie Fogt,Lithuania,Vievis,
Zach Greenhalgh,United States,Orlando,Florida
Willetta Klewer,Latvia,Preiļi,
Anica Everit,Russia,Staraya Russa,
Tiphanie Fawlo,China,Tangyin,
Torre Demko,Brazil,Tramandaí,
Catarina Nail,Portugal,Algueirão,Lisboa
Fabio Tildesley,Russia,Talitsa,
Eileen Tuff,Philippines,Maindang,
Tiphany Billanie,Portugal,Lobão,Aveiro
Phylis Hirtz,China,Putang,
Lexi Jauncey,Iran,Manūjān,
Danita Yushkin,Malaysia,Ipoh,Perak
Omar Greggersen,Brazil,Teresina,
Hyacinth Stroband,Thailand,Chaloem Phra Kiat,
Antone Kulvear,China,Aimin,
Dinnie Madsen,Philippines,Maloco,
Marsh Ilyuchyov,Japan,Ibusuki,
Tim Schwerin,Dominican Republic,Miches,
Florrie Cassels,Philippines,Pines,
Marietta Kupis,China,Yanzhou,
Cazzie Shemilt,Indonesia,Wahai,
Adolf Sessuns,Thailand,Den Chai,
Agosto McElwee,China,Nanying,
Daron Winterbotham,Portugal,Bicas,Santarém
Alistair Southers,Croatia,Laslovo,
Atlante Suffe,Nigeria,Gujba,
Derrick Garrett,Germany,Wetzlar,Hessen
Koral Shields,Gambia,Bakadagy,
Geordie Olivey,Mali,Dioila,
Karine Bomfield,Portugal,Lomba,Aveiro
Leontyne Wewell,Czech Republic,Loučeň,
Nataline Oldershaw,Pakistan,Bhopālwāla,
Blaire Maryott,China,Shangbahe,
Addy Thirlwell,Venezuela,Aragua de Barcelona,
Errick Welberry,Indonesia,Cipicung,
Libbi Crossley,Thailand,Amnat Charoen,
Cyndy Toothill,Vietnam,Kinh Môn,
Tiphany Kiezler,Venezuela,Quiriquire,
Anatollo Bentame,Philippines,Patayac,
Melicent Blondelle,Indonesia,Ciawitali,
Tanitansy Bulfit,Albania,Fier-Çifçi,
Lanita Malecky,Portugal,Calvão,Aveiro
Jenica Lelande,Portugal,Lagoa,Faro
Hertha Topaz,Russia,Yoshkar-Ola,
Crissy Mandel,United States,Seattle,Washington
Ritchie Pimm,Peru,Huari,
Deck Shelsher,Denmark,København,Region Hovedstaden
Marco Tefft,China,Yanzhou,
Janifer Mc Carrick,Egypt,Saint Catherine,
Darnall Douris,China,Sijiu,
Vassily McAless,Venezuela,San José de Barlovento,
Padgett Ajsik,Sweden,Mölndal,Västra Götaland
Agneta Haugg,Uganda,Wobulenzi,
Corette Wilkowski,Russia,Zhirnovsk,
Durward Franciottoi,Slovenia,Komenda,
Justen Cluff,Portugal,Vista Alegre,Aveiro
Farica Coombe,Philippines,Tandag,
Kenn Kemer,Tanzania,Songea,
Almeda Wase,China,Dazhan,
Sydel Oldacres,Mexico,Emiliano Zapata,Morelos
Bard Atkyns,Sweden,Solna,Stockholm
Aile Parlatt,Brazil,João Câmara,
Corny MacTrustam,United States,Amarillo,Texas
Trude Bratchell,Poland,Bełżec,
Irvin McCaskill,Nigeria,Bassa,
Jeanie Quenby,Cuba,Batabanó,
Sara Fawdrie,Sweden,Visby,Gotland
Hubie Busch,Thailand,Phaya Thai,
Olympe Lyster,Syria,Arwād,
Roxie Leupoldt,Nigeria,Isanlu Itedoijowa,
Berni Craighall,Philippines,Cagdianao,
Conrado Farrear,Russia,Burtunay,
Osgood Lamputt,Panama,El Cortezo,
Luce McFetridge,Indonesia,Karangsari,
Adelaide Fone,Japan,Shizuoka-shi,
Caty Free,France,Chilly-Mazarin,Île-de-France
Alexi Ebsworth,China,Longquan,
Odie Saffrin,Thailand,Ban Selaphum,
Nerte Hook,Brazil,Itapuí,
Loralie Sirey,Colombia,Puerto Boyacá,
Wayland Rouse,Uruguay,Vichadero,
Norby Allsworth,China,Jihuluntu Sumu,
Dawn Mohan,China,Huixian Chengguanzhen,
Abbi Twitty,Panama,Chitré,
Gertrud Schutze,Thailand,Chum Phae,
Jess Collingridge,Vietnam,Vĩnh Thuận,
Orazio Baudou,China,Raoyang,
Reid Sprouls,Poland,Lisewo Malborskie,
Fanchette Loram,Philippines,Prosperidad,
Ramsay Dundridge,China,Shishang,
Issiah Dalglish,Thailand,Sattahip,
Rivy Eagleton,China,Honghai,
Dante Bexon,Canada,Port Hawkesbury,Nova Scotia
Konstance Tettersell,Japan,Nagato,
Jonie McKimm,Russia,Sokolovyy,
Franzen Please,Malaysia,Alor Setar,Kedah
Florette Brookshaw,Philippines,Burauen,
Sarah Orto,Spain,"Hospitalet De Llobregat, L'",Cataluna
Bonny Tomala,Portugal,Porto Formoso,Ilha de São Miguel
Barron Jakubovics,Kazakhstan,Ekibastuz,
Franklyn Renne,Czech Republic,Staré Město,
Hatti Lamort,China,Zhaojia,
Hans Aaronsohn,China,Linjiang,
Lydon Monroe,Democratic Republic of the Congo,Matadi,
Nestor Eatherton,China,Galutu,
Jeni Dumbar,Iceland,Hafnarfjörður,
Mendel Vardie,Brazil,Santa Quitéria,
Travis Dodshun,Philippines,Kawit,
Branden Lenihan,Ukraine,Lityn,
Matti Clayborn,Japan,Atsugi,
Sallie McKibbin,Cuba,Puerto Padre,
Pablo Peploe,Yemen,Al Bāţinah,
Zarla Stachini,Malta,L-Iklin,
Yulma Gregoretti,Brazil,Araripina,
Em Aharoni,Thailand,Prakhon Chai,
Georgie Redholes,Ukraine,Lysyanka,
Linnet Merrgan,Indonesia,Basa,
Branden Ginity,Syria,Ḩarf al Musaytirah,
Biddy Sharman,China,Leifeng,
Abbie Weakley,Belarus,Minsk,
Gabbi Wattingham,Japan,Matsubase,
Misty Snalham,Brazil,Itaitinga,
Bryan Kerr,Portugal,Tomar,Santarém
Rubin Grimsdell,Czech Republic,Slavkov u Brna,
Dorise Brugmann,China,Gabasumdo,
Tedman Eberdt,China,Zhoukou,
Karie Hebditch,China,Daoxu,
Stace Pickrill,Paraguay,Colonia Yguazú,
Rosanna Rountree,Slovenia,Zgornje Gorje,
Hannah Scone,Brazil,Pirajuí,
Nico de Copeman,Greece,Fteliá,
Dud Caskie,Russia,Ust’-Donetskiy,
Chilton Jouen,Indonesia,Kliwon Cibingbin,
Demeter Hiner,Portugal,Seixas do Douro,Guarda
Alta Himsworth,Canada,Lewisporte,Newfoundland and Labrador
Adair Rangall,Portugal,Loureiro,Viana do Castelo
Batholomew Chandlar,Greece,Svorónos,
Joshua Shoorbrooke,Azerbaijan,Bilajari,
Linnie McSharry,Russia,Suslonger,
Levon Dogerty,Sweden,Åkersberga,Stockholm
Aeriela Paradine,China,Simapu,
Byran Ragot,Azerbaijan,Khyzy,
Adela Mellenby,Indonesia,Pakis,
Juana Overlow,Ukraine,Zaliztsi,
Zack Sleet,China,Shache,
Noel Trenaman,Indonesia,Cihideung Satu,
Bev Duddy,Philippines,San Antonio,
Montague Yuranovev,China,Ertai,
Donnajean Dalziel,Brazil,Barra Velha,
Katinka Lethardy,China,Yangmingbu,
Dale Winwood,Pakistan,Qila Saifullāh,
Hale Durrad,China,Sizhou,
Ezmeralda Vannuccinii,Germany,Bochum,Nordrhein-Westfalen
Dinny MacHarg,Malaysia,Kuala Terengganu,Terengganu
Joelly Woolvett,American Samoa,Leone,
Kaylee Boniface,Sweden,Solna,Stockholm
Livy Theakston,Russia,Vyshneye Dolgoye,
Elinore Shillingford,North Korea,Chongjin,
Geralda Smart,China,Dazu,
Rhoda Sells,Russia,Meshcherino,
Eirena Summerside,Poland,Tarnowiec,
Sissie Bartczak,China,Dingbao,
Aguie Mattusov,Portugal,Cascais,Lisboa
Brianna Barthelmes,China,Qiashui,
Clarette Bartlomiejczyk,Egypt,Toukh,
Egbert Muddle,Iran,Jam,
Lynette Fattorini,Syria,‘Ayn al Bayḑā,
Derk Gettings,China,Sanjiao,
Dela Ionnidis,Thailand,Rattanawapi,
Annmaria Birtwistle,Czech Republic,Dolní Dunajovice,
Herc Stollen,Malta,Haz-Zebbug,
Westley Lindup,Poland,Wilkowice,
Graham Fisby,Indonesia,Cibingbin,
Kenon Brasner,China,Meilisi,
Base Treven,China,Yuannan,
Fulton Graffham,Japan,Tokuyama,
Thia Leander,Nigeria,Ila Orangun,
Johny Bryde,Malaysia,Kuala Lumpur,Kuala Lumpur
Rhodia Woolger,China,Gaofeng,
Datha Athy,Indonesia,Lewolere,
Mathian Maultby,Armenia,Gyumri,
Deva Patient,Portugal,São Pedro,Coimbra
Weber Read,France,Nîmes,Languedoc-Roussillon
Baxie Benedicte,Philippines,Badian,
Bran Cicchelli,French Guiana,Cayenne,Guyane
Maryanne Fewings,Russia,Polevskoy,
Aldis Bogaert,Poland,Włoszczowa,
Belita Naisey,Indonesia,Pante Raja,
Elisabeth Swanborrow,Philippines,Atabayan,
Donal Radwell,Malaysia,Bandar Pusat Jengka,Pahang
Tomasine Docharty,Spain,Malaga,Andalucia
Loni Brockelsby,Indonesia,Dinititi,
Isidro Upton,Jordan,Ma'an,
Frasco Lahiff,Colombia,San Juan del Cesar,
Shay MacDermot,Czech Republic,Roudnice nad Labem,
Dynah Pepon,China,Nancheng,
Aurie Boc,Malaysia,Klang,Selangor
Pavia Southway,Antigua and Barbuda,Saint John’s,
Gustavo Cawthery,Philippines,Gabi,
Dev Treven,Russia,Petrovskaya,
Allegra Gregorowicz,Russia,Bryansk,
Marjorie Smeeton,Philippines,Bilaran,
Joanie Treace,China,Wangcun,
Leta Canto,South Korea,Seongnam-si,
Bibi Bowstead,Indonesia,Watuagung,
Silvano Poulsom,Haiti,Chambellan,
Muriel Messruther,Nigeria,Nkwerre,
Edyth Merrick,China,Taishihe,
Chen Inskipp,Macedonia,Golema Rečica,
Constancia Seage,Poland,Łyse,
Husein Beagin,Philippines,Alupay,
Sarene Cammomile,Lithuania,Akademija (Kaunas),
Sidney Robelin,Indonesia,Niopanda,
Norbie Saltmarshe,Peru,Urpay,
Oswald Coddington,Uruguay,Santa Rosa,
Novelia Georgeot,Egypt,Fāqūs,
Noby Monkleigh,Colombia,Marulanda,
Conney Warbys,Indonesia,Karangturi,
Reggie Glossop,Egypt,Ash Shuhadā’,
Christiane Glanister,Indonesia,Kubangwaru,
Leon Zanazzi,Venezuela,Cabudare,
Jarred Lowe,Philippines,San Alejandro,
Raphaela Fritchley,Japan,Sasayama,
Noak Verson,Indonesia,Sukomulyo,
Donnell Baversor,Thailand,Amnat Charoen,
Mina Estoile,Indonesia,Campaka,
Stephi Hairon,China,Jinxiang,
Jermaine Bingham,Indonesia,Tamianglayang,
Sharyl Thunder,France,Aubenas,Rhône-Alpes
Dav Skiplorne,Honduras,Ciudad Choluteca,
Jeanna Andreassen,Malaysia,Petaling Jaya,Selangor
Scotty Turle,Indonesia,Kuaro,
Deana Nemchinov,Philippines,Aroroy,
Tammie Crole,Ecuador,Ambato,
Jody McAllaster,South Africa,Secunda,
Lusa Frizzell,Finland,Parikkala,
Lorri Shorter,Canada,Lanigan,Saskatchewan
Enrichetta Ateggart,Canada,Pictou,Nova Scotia
Didi Kebbell,Mexico,San Luis,Coahuila De Zaragoza
Lenette Summerside,China,Majiao,
Liliane McAlroy,Norway,Sandefjord,Vestfold
Joice Haggus,France,Lomme,Nord-Pas-de-Calais
Susi Fidell,Indonesia,Pangkalan,
Jackie Jacobovitch,Uzbekistan,Bŭka,
Natala Trathan,China,Boyu,
Bealle Chellam,Indonesia,Wonorejo,
Renie Quare,Portugal,Monte do Outeiro,Évora
Kristal Ashbe,China,Nanhe,
Halie Gonthier,China,Zhangjiafan,
Flynn Rabjohns,Indonesia,Jembayan Hitam,
Loren Chilles,China,Qiaobian,
Guinevere Wilman,Sudan,Kurmuk,
Minnie Brason,Russia,Elekmonar,
Allianora Lunge,Argentina,Cañada de Gómez,
Katheryn Meakes,Japan,Masuda,
Pen MacFadzean,United States,Cumming,Georgia
Verena Almey,Brazil,São João dos Patos,
Miller Fleming,China,Dongkeng,
Letti Vlasov,Russia,Starominskaya,
Renaud Burdon,China,Daohe,
Kendricks Athersmith,Egypt,Ismailia,
Karlis Ickovicz,China,Jinshan,
Katrina Guerriero,Czech Republic,Písečná,
Correy Larman,Brazil,Orlândia,
Panchito Crichten,Indonesia,Bidikotak,
Alethea Bellee,United States,Richmond,Virginia
Merci Garfitt,Brazil,Conceição do Jacuípe,
Erastus Baskeyfied,Iran,Shīrvān,
Agnola Treadgear,Armenia,Yerazgavors,
Zandra Hinnerk,China,Cishangang,
Alan Jozaitis,China,Shenkou,
Juieta Greatbach,Russia,Turka,
Ruddy Ungaretti,China,Dengzhuang,
Jessa Mayer,United States,Alexandria,Virginia
Afton Muff,Portugal,Espinho,Coimbra
Bruno De Mattia,Colombia,El Tambo,
Raffaello Hullock,Dominican Republic,Esperalvillo,
Marshall Callister,China,Zhongcun,
Orion Reggiani,Spain,Madrid,Madrid
Darcee Cobbald,China,Maoping,
Brittan Cammidge,Poland,Chociwel,
Danni Monday,China,Daijiaba,
Isahella Townsend,Myanmar,Meiktila,
Chickie Mayzes,Poland,Czarnożyły,
Sile Calcut,Kenya,Kapenguria,
Nani Vedyaev,China,Fudian,
Tierney Piaggia,China,Wenping,
Glory Branscomb,Martinique,Fort-de-France,Martinique
Mandel Niles,Argentina,La Cruz,
Cyrillus Clingan,Thailand,Khong,
Rhiamon Leacock,Peru,Chillia,
Hakeem Upcraft,Pakistan,Hujra,
Pennie Hambling,Somalia,Baidoa,
Hernando Aingel,Serbia,Lok,
Durant Guppy,Colombia,Neiva,
Roxane Paulillo,China,Jinghong,
Gaby Brodest,Philippines,Talugtug,
Morrie Worsall,Colombia,Dos Quebradas,
Twila Capehorn,Russia,Zhankhoteko,
Milli Tucker,Indonesia,Pamatang,
Kendell Hallybone,Russia,Suponevo,
My Zaczek,Serbia,Platičevo,
Pasquale Pluthero,China,Leye,
Agathe Sikora,Greece,Loutrá,
Killy Pirie,China,Tazhuang,
Maisie Mabone,North Korea,Changyŏn,
Francesco Cosans,China,Yanglin,
Carlina Fearnehough,Kenya,Siaya,
Laurens Fellon,Thailand,Prachin Buri,
Juliann Klazenga,Peru,Orurillo,
Lin Gleader,Malaysia,Lahad Datu,Sabah
Cammy Glasner,Brazil,São Gabriel,
Minnnie Gooke,China,Dagang,
Mil Jauncey,Czech Republic,Lučina,
Clarke Dartan,China,Huyang,
Madella Ingledew,Albania,Novoselë,
Symon Keetley,Lithuania,Venta,
Eula Wilcot,Indonesia,Jelbuk,
Karolina Border,Thailand,Tha Maka,
Burty Ould,Mongolia,Jargalant,
Dinah Clacey,Brazil,Lagoa da Prata,
Zita Knibley,Argentina,Firmat,
Rozele Lant,Dominican Republic,Pedro García,
Pooh Keddle,France,Caen,Basse-Normandie
Geralda Lawrie,Indonesia,Gayam,
Ephraim Gagin,Indonesia,Tegalgede,
Lucienne Cholerton,China,Xicheng,
Miguel Prine,Estonia,Narva,
Weston Knappe,Portugal,Castelo,Viana do Castelo
Trix Stickel,China,Qiaosi,
Tremaine Banke,China,Hancheng,
Kathryn Greenmon,Philippines,Basiao,
Ibrahim Striker,Micronesia,Tonoas Municipal Building,
Hyman O'Day,Nigeria,Dankama,
Humberto Weafer,China,Wucun,
Terra Skegg,Cambodia,Ban Lŭng,
Wallace Piwell,Philippines,Victoria,
Tobey Macieja,Czech Republic,Hostavice,
Eliot Baudinelli,Poland,Cisiec,
Horace Knolles-Green,Sweden,Motala,Östergötland
Suzann Treher,Indonesia,Ngangguk,
Celestyn Chishull,China,Darya Boyi,
Tamarah Matthewes,Morocco,Bouarouss,
Chad Goldfinch,Cameroon,Bekondo,
Kele Crat,China,Mafeng,
Petronella Croizier,Indonesia,Rawuk,
Emmalyn Vowels,China,Xiayang,
Carrie Harcourt,Philippines,Montecillo,
Bili McGorman,Democratic Republic of the Congo,Yangambi,
Ogden Titchard,China,Lixu,
Ryan Ranscomb,Brazil,Vargem Grande,
Sax Drews,Russia,Pavlovsk,
Angel Cowan,Indonesia,Lete,
Dav Kerwood,Portugal,Foros da Catrapona,Setúbal
Adena Hargate,Indonesia,Kaduluhur,
Rowe Cathie,Mexico,Roma,Coahuila De Zaragoza
Benedikt Geeves,Cuba,Bolondrón,
Darelle Twyford,China,Xilong,
Allistir Pavy,China,Langzhong,
Cleo Kulvear,France,Chamalières,Auvergne
Lilly Whotton,China,Nanlang,
Rosabel Bottoner,Philippines,Langtad,
Armand Brittain,Philippines,Calidñgan,
Millisent Kittow,Indonesia,Kresek,
Lev Friel,China,Yuchi,
Kristofer Warrack,China,Jiaozhou,
Margi Willmett,Czech Republic,Písečná,
Angelika Deverale,China,Ya’ergenchu,
Alic Arlett,Nigeria,Yola,
Marnia Maliphant,China,Baitao,
Klarika Skunes,Sweden,Stockholm,Stockholm
Rani Kinnaird,Indonesia,Sukasenang,
Cristal Frany,Mongolia,Tsagaannuur,
Friedrick Johnke,Brazil,Jatobá,
Jaine Slinn,Ukraine,Hola Prystan’,
Britta Verralls,Indonesia,Haruman,
Alaric McQuillen,Portugal,Mosteirô,Porto
Pattie Fellona,China,Hongshan,
Paddie Nicklin,Indonesia,Puamata,
Fairfax Macia,China,Dongxin,
Clement Betz,Russia,Pavlovsk,
Penrod Conkay,Antigua and Barbuda,Saint John’s,
Harlene Bowcock,Bulgaria,Aytos,
Marge Hawking,Kenya,Kisii,
Madison Niven,Vietnam,Thị Trấn Nghèn,
Sutherland Backshall,Indonesia,Pasiripis,
Karleen Spurdens,Sweden,Kungälv,Västra Götaland
Ingemar Simkins,Philippines,Magdug,
Geri Parades,Sierra Leone,Kayima,
Teirtza Quilty,Czech Republic,Bukovec,
Marleah O'Keaveny,Brazil,Coruripe,
Sella Courtliff,Russia,Kizlyar,
Deeyn Gosart,Brazil,Erechim,
Aviva Hemphrey,Indonesia,Kaduheuleut,
Odey Gilcriest,Philippines,Sampaloc,
Katee Landells,Philippines,Salcedo,
Forbes MacKowle,Belarus,Chervyen’,
Codi Ferreira,United States,Manassas,Virginia
Kerr Ramsden,Russia,Chita,
Susy McKane,Poland,Nysa,
Timmi Rubroe,Brazil,Conceição do Jacuípe,
Maia Camous,Indonesia,Sugihmukti,
Orrin Cobby,Mexico,Morelos,Morelos
Hermia Gillings,Indonesia,Rangah,
Vally Kees,Poland,Biała Piska,
Fredi Eam,Ukraine,Pryluky,
Fabien Harteley,Russia,Levoberezhnaya,
Archambault Josupeit,New Zealand,Wiri,
Joan Abrahamowitcz,China,Gaiyang,
Patrizius Watkiss,Russia,Zhigulevsk,
Carlo Watkin,China,Ruixi,
Cynthea Wixon,Portugal,Toutosa,Porto
Nels Otham,Thailand,Ban Talat Bueng,
Kale Garretts,China,Wangchuanchang,
Judas Landa,Brazil,Seropédica,
Emile Lundon,Indonesia,Mersam,
Brittaney Garlett,Russia,Yaroslavl,
Carolynn Thrustle,China,Sandu,
Karyl Roslen,China,Anhai,
Yanaton Morena,China,Gangkoujie,
Inness Clipston,Argentina,Cruz de los Milagros,
Mathilde Trevers,Vietnam,Bằng Lũng,
Loralie McDermot,Indonesia,Gampengrejo,
Colet Comello,Bosnia and Herzegovina,Vitez,
Ruth Komorowski,United States,Pasadena,California
Xenos Aggis,Japan,Taketoyo,
Una Brister,Costa Rica,Esparza,
Rustin Cund,China,Yangzhou,
Rouvin Piburn,Greece,Melíssia,
Doralynn Bernard,Myanmar,Mawlaik,
Tonya Gallaher,Indonesia,Ciherang,
Elysha Starten,Argentina,San Antonio Oeste,
Aubrey Labdon,Brazil,Sertânia,
Linet Andreou,Malaysia,Kuala Terengganu,Terengganu
Gerti Hubber,Nigeria,Gambaru,
Joli Lippiatt,Sweden,Dalsjöfors,Västra Götaland
Herby Longford,Russia,Bichura,
Far Boaler,Finland,Joroinen,
Ashlan Tiffney,Indonesia,Sukasada,
Robbie Simons,Thailand,Suphan Buri,
Ansley Daft,Brazil,Frei Paulo,
Jacky D'orsay,France,Alfortville,Île-de-France
Kamilah Royston,Senegal,Polel Diaoubé,
Bobinette Jencey,North Korea,Kosan,
Bennett Hendonson,Nicaragua,Rivas,
Nissy Battleson,Sweden,Enköping,Uppsala
Petronella Taylder,Indonesia,Kubang,
Lonnie Marvin,China,Shuguang,
Clemmie Jeffcoate,Chile,Tomé,
Josh Scardafield,Australia,Melbourne,Victoria
Viviana Bakeup,Indonesia,Sukaraja,
Benedict Lathaye,Finland,Töysä,
Jamima Arsnell,Yemen,Ar Rujum,
Fraser Riding,China,Huangyan,
Rhea Meale,Malaysia,Petaling Jaya,Selangor
Sutton O'Hagirtie,China,Hanjia,
Dewey Eles,Sweden,Trelleborg,Skåne
Glori Ayers,Russia,Spassk,
Moe Dahlen,Portugal,Vendas de Galizes,Coimbra
Billi Rolin,Poland,Łużna,
Cosme Jako,Brazil,Águas de Lindóia,
Laraine Crippen,Malaysia,Shah Alam,Selangor
Nollie Brimming,Portugal,Carrascal,Lisboa
Clim Letson,Guyana,Mahdia,
Fancie Ronaghan,Canada,Anmore,British Columbia
Daphna Tingle,Tanzania,Nkove,
Prudence Matic,Philippines,Taltal,
Belinda Bench,Poland,Werbkowice,
Adrianne Weld,Sweden,Lidingö,Stockholm
Basile Yter,Democratic Republic of the Congo,Inongo,
Justus Bearman,Brazil,Serrana,
Gunther Shivell,Indonesia,Sampir,
Estel Bene,China,Liujia,
Chantalle Rickertsen,Colombia,Buenaventura,
Mona Reside,Vietnam,Tân Châu,
Verene Patington,Indonesia,Puncaktugu,
Orton Goundsy,Sweden,Linköping,Östergötland
Devonne Franc,Nigeria,Gamawa,
Wildon Swales,Indonesia,Kloangpopot,
Dore Falcus,Canada,Lachute,Québec
Merissa Dowding,Democratic Republic of the Congo,Masina,
Lisette Shire,Philippines,Paradahan,
Celestia Wabe,France,Kingersheim,Alsace
Clarence Eagle,Mexico,Benito Juarez,Veracruz Llave
Horst Ply,Indonesia,Darungan,
Mollee Blase,Mexico,El Alamo,Sonora
Lea Pikett,Togo,Bassar,
Elliott Packer,China,Jiaoxie,
Kordula Pampling,China,Huangtan,
Sanders Willoughley,China,Anle,
Nicolina Pereira,Madagascar,Soavinandriana,
Flory Marginson,Tanzania,Makuyuni,
Lazarus Naldrett,Russia,Sagopshi,
Ardra Gadney,Indonesia,Moanemani,
Pail Hoys,China,Xinshidu,
Atlanta Ondrasek,Cuba,Guanajay,
Konstance Nutter,Madagascar,Ambato Boeny,
Douglass Luberti,Thailand,Wang Sombun,
Annabal Milley,Portugal,Vista Alegre,Aveiro
Marlie Spilling,Mongolia,Uubulan,
Susette Richold,Honduras,Monterrey,
Yasmeen Brake,Poland,Połajewo,
Davis Newlin,Czech Republic,Smiřice,
Carrissa Polye,Belarus,Lyasny,
Karna Fyall,France,Paris 07,Île-de-France
Genevieve Chaloner,Peru,Licupis,
Lisa Adacot,China,Tangkou,
Dale Alvar,Saudi Arabia,Tabūk,
Angelica de Clerc,Malaysia,Pulau Pinang,Pulau Pinang
Emalee Philliskirk,Estonia,Laagri,
Kenn Botly,Armenia,Mets Parni,
Joeann Tatteshall,Poland,Rymanów,
Zebulon Toombes,Brazil,Igaraçu do Tietê,
Chandra Hunnicot,China,Huoshaodian,
Tibold Moggle,Uruguay,Soriano,
Dillon Whyman,Azerbaijan,Khirdalan,
Ermanno Cure,Afghanistan,Herāt,
Natka Stratten,Serbia,Badovinci,
Ruy Iozefovich,Colombia,Campo de la Cruz,
Gamaliel McCahey,China,Dawu Chengguanzhen,
Mariele Inkpin,Cuba,Artemisa,
Weider Dudbridge,Armenia,Mayisyan,
Krishnah Tubby,Belarus,Druya,
Wilburt Patek,Portugal,Fonte de Angeão,Aveiro
Cherilynn Butting,Ivory Coast,Bingerville,
Christina Bagg,Argentina,Nueve de Julio,
Susette Somerled,Philippines,Pulilan,
Borg Ranyelld,China,Suhong,
Fawnia Huard,Philippines,Biao,
Cookie McGeorge,Peru,Las Yaras,
Martie Guidini,Argentina,Barranqueras,
Verena Toupe,Ivory Coast,Agnibilékrou,
Frederica Maffulli,China,Nanping,
Tana Scandroot,Indonesia,Kadupayung,
Leanora Glave,Indonesia,Buraen,
Harry Gobbett,Poland,Dubiecko,
Evangelina Buckam,Mongolia,Undurkhaan,
Carey Kinnaird,China,Wuxue Shi,
Deerdre Bence,Poland,Myślenice,
Dewey Evamy,Argentina,Bandera,
Brigitta Storch,Brazil,Alfenas,
Lucky Rolstone,Indonesia,Ciilat,
Murvyn Lomaz,Philippines,Lupo,
Dar Foggo,China,Xinheng,
Culley Draisey,Indonesia,Deranitan,
Cherye MacClay,Zambia,Namwala,
Bryn Tattersill,Mauritania,Aleg,
Hubert Annion,Ukraine,Aleksandrovka,
Gordon Kropach,Philippines,Bulod,
Sean Cardwell,Indonesia,Jetis,
Halsey Kimmons,Indonesia,Merdeka,
Errol Kilmurry,Indonesia,Tadabliro,
Shanie De Meis,Russia,Kabardinka,
Hervey Mutter,Indonesia,Utan,
Aimil Cassy,Philippines,Balagon,
Ainsley Bardwall,Philippines,Santa Lucia,
Mel Worden,Sweden,Örebro,Örebro
Ryan Couth,Russia,Nikolina Gora,
Sella Sicily,China,Jingu,
Chas Dallosso,Thailand,Chok Chai,
Phil Trump,Mexico,Solidaridad,Veracruz Llave
Alexis Wordsworth,Argentina,Comallo,
Alard Kaas,Brazil,Frederico Westphalen,
Darrell Naerup,Russia,Novozybkov,
Brok Hearnes,Indonesia,Wringinsari,
Ignaz Willment,Brazil,Panorama,